常见默认口令清单,,,,
,,,,
名称,默认账号,默认密码,地址,
,,,,
深信服产品,sangfor,"sangfor
sangfor@2018
sangfor@2019",,
深信服科技_AD,,dlanrecover,https://wenku.baidu.com/view/d49d55d77cd184254a353566.html?from=search,
深信服负载均衡 AD 3.6,admin,admin,https://wenku.baidu.com/view/d51282d1da38376baf1fae95.html?rec_flag=default&sxts=1534472792809,
深信服WAC ( WNS V2.6),admin,admin,https://wenku.baidu.com/view/c2a8db5b680203d8cf2f2424.html?rec_flag=default&sxts=1534472907362,
深信服VPN,Admin,Admin,https://wenku.baidu.com/view/5a470bbf6394dd88d0d233d4b14e852458fb39b9.html?from=search,
深信服ipsec-VPN (SSL 5.5),Admin,Admin,https://wenku.baidu.com/view/323c2532dcccda38376baf1ffc4ffe473368fd20.html?rec_flag=default,
深信服AC6.0,admin,admin,https://wenku.baidu.com/view/a864ecbe89eb172ded63b7c2.html?from=search,
SANGFOR防火墙,admin,sangfor,https://wenku.baidu.com/view/4ae97cd0240c844769eaee95.html?from=search,
深信服AF(NGAF V2.2),admin,sangfor,https://wenku.baidu.com/view/cf5565d1195f312b3169a554.html?from=search,
深信服NGAF下一代应用防火墙(NGAF V4.3),admin,admin,https://wenku.baidu.com/view/2b866bdb6137ee06eff918a3.html?from=search,
深信服AD3.9,admin,admin,https://wenku.baidu.com/view/9653b377f242336c1eb95e85.html?from=search,
深信服上网行为管理设备数据中心,Admin,,https://wenku.baidu.com/view/7637dd0cbb68a98271fefad7.html,
SANGFOR_AD_v5.1,admin,admin,https://wenku.baidu.com/view/6f72f90227284b73f24250df.html?from=search,
网御漏洞扫描系统,leadsec,leadsec,https://wenku.baidu.com/view/be1f7e6ccc22bcd127ff0cdd.html?from=search,
天阗入侵检测与管理系统 V7.0,Admin,venus70,https://wenku.baidu.com/view/e7107e74844769eae109ed39.html?from=search,
,Audit,venus70,,
,adm ,venus70,,
天阗入侵检测与管理系统 V6.0,Admin,venus60,https://wenku.baidu.com/view/8caa3ba70029bd64783e2c78.html,
,Audit,venus60,,
,adm ,venus60,,
网御WAF集中控制中心(V3.0R5.0),admin,leadsec.waf,https://wenku.baidu.com/view/727bb848ce2f0066f433220c.html?from=search,
,audit,leadsec.waf,,
,adm,leadsec.waf,,
联想网御,administrator,administrator,https://wenku.baidu.com/view/14bcd443a8956bec0975e342.html?from=search,
网御事件服务器,admin,admin123,https://wenku.baidu.com/view/aa5ca32ce2bd960590c677b7.html?from=search,
联想网御防火墙PowerV�,administrator,administrator,https://wenku.baidu.com/view/96a954d9a58da0116c17498f.html?from=search,
联想网御防火墙,admin,"leadsec@7766
administrator
bane@7766",http://www.ttk7.cn/post-35.html,
联想网御入侵检测系统,lenovo,default,https://wenku.baidu.com/view/d1f0c2f4c8d376eeaeaa31cb.html?from=search,
网络卫士入侵检测系统,admin,talent,https://wenku.baidu.com/view/e36a04ebf8c75fbfc77db279.html,
网御入侵检测系统V3.2.72.0,adm ,leadsec32,https://wenku.baidu.com/view/76acf47d941ea76e58fa04df.html?pn=51,
,admin,leadsec32,,
联想网御入侵检测系统IDS,root,111111,https://wenku.baidu.com/view/a25a791a964bcf84b9d57b1f.html?from=search,
,admin,admin123,,
启明星辰防火墙,admin,"bane@7766
admin@123",http://www.ttk7.cn/post-35.html,
科来网络回溯分析系统,csadmin,colasoft,https://wenku.baidu.com/view/8e28f1bd1a37f111f1855b4c.html?from=search,
中控考勤机web3.0,administrator,123456,http://fly5i0.blog.163.com/blog/static/1792263520147209124336/,
H3C爄MC,admin,admin,https://wenku.baidu.com/view/1b4ca26fc281e53a5802ff95.html?from=search,
H3C燬ecPath系列,admin,admin,https://wenku.baidu.com/view/e11277dc6f1aff00bed51e02.html?from=search,
H3C燬5120-SI,test,123,https://wenku.baidu.com/view/681885b0580216fc710afd21.html?from=search,
H3C智能管理中心,admin,admin,https://wenku.baidu.com/view/5da0fe3167ec102de3bd8904.html?from=search,
H3C ER3100,admin,adminer3100,http://ask.zol.com.cn/q/483664.html,
H3C ER3200,admin,adminer3200,,
H3C 堡垒机,hillstone,hillstone,,
H3C ER3260,admin,adminer3260,,
H3C ,admin,adminer,,
,admin,admin,https://zhidao.baidu.com/question/586375100.html,
,admin,h3capadmin,,
,h3c,h3c ,https://zhidao.baidu.com/question/459367504.html,
Jumpserver 堡垒机,admin,"5Lov@wife
123456",https://www.cnblogs.com/luchuangao/p/8444254.html,
360蜜罐服务器,root,miguan@123,,
360蜜罐,admin,360GEsoc#^),,
360天擎,admin,admin,https://wenku.baidu.com/view/a9fa0d28700abb68a882fbc8.html?rec_flag=default,
360天擎服务器,admin,!1fw@2soc#3vpn,https://wenku.baidu.com/view/a9fa0d28700abb68a882fbc8.html?rec_flag=default,
网神防火墙,firewall,firewall,https://wenku.baidu.com/view/41b224eb69dc5022aaea00a6.html?from=search,
天融信防火墙NGFW4000,superman,talent,https://wenku.baidu.com/view/252e6b6baf1ffc4ffe47ac12.html?from=search,
,,,,
天融信防火墙,superman,talent!23,http://www.ttk7.cn/post-35.html,
黑盾防火墙,admin,admin,https://wenku.baidu.com/view/effc2a3bb7360b4c2e3f642b.html?from=search,
,rule,abc123,,
,audit,abc123,,
华为防火墙,telnetuser,telnetpwd,"https://wenku.baidu.com/view/7250fa44b307e87101f69677.html?from=search
http://www.ttk7.cn/post-35.html",
,admin,Admin@123,,
,ftpuser,ftppwd,,
方正防火墙,admin,admin,https://wenku.baidu.com/view/734be3bec77da26925c5b08b.html?from=search,
飞塔防火墙,admin,空,https://wenku.baidu.com/view/0e9d6d199b6648d7c1c746cf.html?from=search,
Juniper_SSG__5防火墙,netscreen,netscreen,https://wenku.baidu.com/view/a267a8283169a4517723a339.html?from=search,
Cisco 防火墙,admin,cisco,http://www.ttk7.cn/post-35.html,
中新金盾硬件防火墙,admin,123,https://wenku.baidu.com/view/6dcfc613f18583d0496459ff.html?from=search,
kill防火墙(冠群金辰),admin,sys123,https://wenku.baidu.com/view/18a0d76d915f804d2b16c1ad.html?from=search,
天清汉马USG防火墙,admin,venus.fw,https://wenku.baidu.com/view/4aa023dcfad6195f302ba612.html?rec_flag=default,
,Audit,venus.audit,,
,useradmin,venus.user,,
阿姆瑞特防火墙,admin,manager,https://wenku.baidu.com/view/549d9b056c85ec3a87c2c5b1.html?from=search,
迪普防火墙,admin,admin_default,http://www.ttk7.cn/post-35.html,
山石网科,hillstone,hillstone,https://wenku.baidu.com/view/c65e1d70964bcf84b9d57b79.html?from=search,
绿盟安全审计系统,weboper,weboper,https://wenku.baidu.com/view/9ea7837802020740be1e9bfa.html?from=search&pn=51,
,webaudit,webaudit,,
,conadmin,conadmin,,
,admin,admin,,
,shell,shell,,
绿盟产品,,nsfocus123,,
绿盟,"sysauditor/sysauditor

sysmanager/sysmanager

supervisor/supervisor

maintainer/maintainer

webpolicy/webpolicy

sysadmin/sysadmin

conadmin/conadmin

supervis/supervis

webaudit/webaudit

sysadmin/sysadmin

conadmin/nsfocus

weboper/weboper

auditor/auditor

weboper/weboper

nsadmin/nsadmin

admin/nsfocus

admin/admin

shell/shell","sysauditor/sysauditor

sysmanager/sysmanager

supervisor/supervisor

maintainer/maintainer

webpolicy/webpolicy

sysadmin/sysadmin

conadmin/conadmin

supervis/supervis

webaudit/webaudit

sysadmin/sysadmin

conadmin/nsfocus

weboper/weboper

auditor/auditor

weboper/weboper

nsadmin/nsadmin

admin/nsfocus

admin/admin

shell/shell",,
TopAudit日志审计系统,superman,talent,https://wenku.baidu.com/view/b851120d192e45361066f5a3.html?from=search,
LogBase日志管理综合审计系统,admin,safetybase,https://wenku.baidu.com/view/13ef6672dd36a32d737581a1.html?from=search,
网神SecFox运维安全管理与审计系统,admin,!1fw@2soc#3vpn,https://wenku.baidu.com/view/b9c94946f342336c1eb91a37f111f18582d00c47.html?from=search,
天融信数据库审计系统,superman,telent,https://wenku.baidu.com/view/8b059289fab069dc502201db.html?from=search,
Hillstone安全审计平台,hillstone,hillstone,https://wenku.baidu.com/view/c4d4663c941ea76e58fa04f4.html?from=search,
网康日志中心,ns25000,ns25000,https://wenku.baidu.com/view/dca28ba50029bd64783e2c7d.html?from=search,
网络安全审计系统（中科新业）,admin,123456,https://wenku.baidu.com/view/cfbb6b7b10661ed9ad51f3e6.html?from=search,
天_网络安全审计系统,Admin,cyberaudit,https://wenku.baidu.com/view/90fda2bafd0a79563c1e723a.html?from=search,
明御WEB应用防火墙,admin,admin,https://wenku.baidu.com/view/62433486ec3a87c24028c457.html?from=search,
,admin,adminadmin,,
明御攻防实验室平台,root,123456,https://wenku.baidu.com/view/909e0504c8d376eeafaa31a0.html?from=search,
明御安全网关,admin,adminadmin,https://wenku.baidu.com/view/e5b065e5ba4cf7ec4afe04a1b0717fd5360cb2f4.html?from=search,
明御运维审计与册风险控制系统,admin,1q2w3e,https://wenku.baidu.com/view/feb2c39f19e8b8f67c1cb9ac.html?from=search,
,system,1q2w3e4r,,
,auditor,1q2w3e4r,,
,operator,1q2w3e4r,,
明御网站卫士,sysmanager,sysmanager888,https://wenku.baidu.com/view/4bbd761fb7360b4c2e3f644d.html?from=search,
亿邮邮件网关,eyouuser,eyou_admin,https://www.secpulse.com/archives/32306.html,
,eyougw,admin@(eyou),,
,admin,+-ccccc,,
,admin,cyouadmin,https://wenku.baidu.com/view/2fec883467ec102de2bd89b7.html?from=search,
Websense邮件安全网关,administrator,admin,https://wenku.baidu.com/view/ee4f76d0c1c708a1284a4435.html?from=search,
梭子鱼邮件存储网关,admin,admin,https://wenku.baidu.com/view/afcf3447336c1eb91a375dc7.html?from=search,
中标麒麟高可用集群软件,admin,cs2c.com.cn,,
飞余星 VR4900G（有线路由器）,admin,admin, http://192.168.0.1,
D-Link （DIR-619）- 无线路由器,admin,空, http://192.168.0.1,
TP-LINK （TL-WVR300）- 无线路由器,admin,admin, http://192.168.1.1,
中国移动路由器link7,hadmin,hadmin,http://www.mamicode.com/info-detail-3001079.html,
华为交换机S5720S,admin,admin@huawe.com,http://www.mamicode.com/info-detail-3001079.html,
博科光纤交换机Brocade通用,admin,password,10.77.77.77,
海康威视监控设备,admin,12345,http://www.360doc.com/content/18/0422/10/6932394_747914433.shtml,
大华监控设备,admin,admin,http://www.360doc.com/content/18/0422/10/6932394_747914433.shtml,
大力监控设备,"admin
888888
666666","admin
888888
666666",http://www.360doc.com/content/18/0422/10/6932394_747914433.shtml,
汉邦监控设备,admin,888888,http://www.360doc.com/content/18/0422/10/6932394_747914434.shtml,
宇视监控设备,admin,admin,http://www.360doc.com/content/18/0422/10/6932394_747914435.shtml,
天地伟业监控设备,admin,12345,http://www.360doc.com/content/18/0422/10/6932394_747914436.shtml,
巨峰监控设备,"admin
guest
default",空,http://www.360doc.com/content/18/0422/10/6932394_747914437.shtml,
乔安监控设备,"admin
guest
default",空,http://www.360doc.com/content/18/0422/10/6932394_747914438.shtml,
AXIS监控设备,root,空,http://www.360doc.com/content/18/0422/10/6932394_747914439.shtml,
VMware ESXI,root,VMware/vmware/Passw0rd,,
VMware vCenter,root,vmware,,
Vmware vsphere,"administrator@vsphere.local
",,,
火绒终端安全管理系统,admin,Passw0rd@8123,,
Zabbix,admin,admin/zabbix,,
网神虚拟化管理平台服务器,root,vmsecadmin,,
网神虚拟化安全管理系统服务器(轻代理版),hsmpadmin,360hsmp,,
代码卫士Mysql数据库,codesafe,codesafeCR,,
天擎软件管家,root,reboot@360.cn,Centos 7系统,
azkaban系统,azkaban,azkaban,,
zeppelin,admin,admin,,
lepus天兔数据监控系统,admin/Lepusadmin,guest/123456,,
axis,admin,axis2,,
ManageEngine - ADManager Plus,helpdesk,admin,,